Name,Team,G,PA,HR,R,RBI,SB,BB%,K%,ISO,BABIP,AVG,OBP,SLG,wOBA,xwOBA,wRC+,BsR,Off,Def,WAR,NameASCII,PlayerId,MLBAMID
Yordan Alvarez,HOU,29,129,11,22,26,1,0.147286821,0.085271317,0.396226415,0.317647058,0.358490566,0.465116279,0.754716981,0.5054764372687186,0.5410723532399824,223.62455433515765,0.068949395,19.140652399994977,-3.390115798,2.060538787283468,Yordan Alvarez,19556,670541
Nico Hoerner,CHC,28,131,4,16,23,7,0.091603053,0.099236641,0.166666667,0.313131313,0.307017543,0.381679389,0.47368421,0.3786888513856262,0.3479385671689529,142.43405801090495,1.2646346646361053,7.825448204333072,4.578836381435394,1.6814755386310132,Nico Hoerner,21479,663538
Ben Rice,NYY,27,109,9,25,21,1,0.183486238,0.275229357,0.406976744,0.387755102,0.325581395,0.449541284,0.732558139,0.48871804286386367,0.4526477706766574,212.98120145370547,-0.836241351,13.891213921945035,-2.239282191,1.573391048957178,Ben Rice,29576,700250
Max Muncy,LAD,26,104,9,22,11,0,0.134615384,0.259615384,0.333333333,0.333333333,0.3,0.394230769,0.633333333,0.43914632195407904,0.42542074259045054,182.0476137472744,-0.175814169,9.895151782228135,2.0636217296123505,1.5485934570531845,Max Muncy,13301,571970
Matt Olson,ATL,29,131,8,25,25,0,0.114503816,0.236641221,0.313043479,0.337662337,0.295652173,0.374045801,0.608695652,0.4189680319565993,0.38482528099646934,167.40400291101338,-0.050015869,10.371450181474566,0.20381736755371094,1.4963456220036295,Matt Olson,14344,621566
Kevin McGonigle,DET,28,123,2,22,12,2,0.1300813,0.121951219,0.198113207,0.370786516,0.330188679,0.422764227,0.528301886,0.419106822,0.42293830809554434,165.1278839315251,2.5114021548070014,12.091437357685352,-1.709105313,1.4954902492780995,Kevin McGonigle,33572,805808
Bobby Witt Jr.,KCR,28,125,1,7,12,9,0.112,0.168,0.128440367,0.348314606,0.293577981,0.368,0.422018348,0.3466287240749452,0.38367530947825945,113.98549025434319,0.2869076211936772,2.377564365169488,7.470797777175903,1.4486721560919087,Bobby Witt Jr.,25764,677951
Elly De La Cruz,CIN,28,126,9,24,20,6,0.103174603,0.285714285,0.28318584,0.323529411,0.274336283,0.349206349,0.557522123,0.39359007752130903,0.3881328241611884,145.77914442022845,1.144943325780332,7.952794460792498,1.7305987775325775,1.3898145796356756,Elly De La Cruz,26668,682829
Drake Baldwin,ATL,29,134,7,29,25,1,0.097014925,0.19402985,0.210084034,0.348837209,0.310924369,0.388059701,0.521008403,0.4012483002534553,0.4031402530954845,155.41373039280174,0.054504674,8.818336186155078,0.04479,1.332799904814857,Drake Baldwin,31539,686948
Otto Lopez,MIA,27,114,3,19,12,4,0.052631578,0.175438596,0.171428571,0.361445783,0.314285714,0.359649122,0.485714285,0.37123270829518634,0.35265620408859927,134.2246493681852,1.2205241988413036,5.825376368712721,3.225295901298523,1.2867546761541264,Otto Lopez,19608,672640
Mike Trout,LAA,28,130,9,26,20,4,0.223076923,0.2,0.313131313,0.21875,0.232323232,0.415384615,0.545454545,0.414833028,0.48475501650855657,161.3547333850378,0.5233596256002784,10.061999471986056,-2.362947352,1.249196265880335,Mike Trout,10155,545361
Corbin Carroll,ARI,25,105,3,18,17,4,0.152380952,0.257142857,0.264367816,0.379310344,0.287356321,0.4,0.551724137,0.41188398883456273,0.37426107497442335,162.09214028086146,2.117971053812653,9.812778610104093,-1.387893908,1.1941508068679354,Corbin Carroll,25878,682998
Sal Stewart,CIN,28,122,9,18,29,7,0.139344262,0.180327868,0.310679612,0.283783783,0.291262135,0.385245901,0.601941747,0.419955327,0.4234032916207599,163.61951162398282,1.3997833132743835,10.560342716646128,-2.755330682,1.186682444804989,Sal Stewart,31505,701398
Shea Langeliers,ATH,27,122,8,19,14,0,0.081967213,0.25409836,0.258928572,0.356164383,0.303571428,0.360655737,0.5625,0.3991364447538518,0.3864507438722721,149.2458577481761,-0.462053449,6.722909992209971,0.4856920838356018,1.1706361285542555,Shea Langeliers,25816,669127
Xavier Edwards,MIA,28,121,1,20,9,4,0.123966942,0.123966942,0.123809524,0.393258426,0.342857142,0.425,0.466666666,0.39963003595670066,0.3625186284383138,153.4400473863219,0.086271689,7.7180199891992105,-0.080773175,1.1664501257757323,Xavier Edwards,22266,669364
Andy Pages,LAD,28,111,5,15,25,4,0.063063063,0.225225225,0.217821782,0.397260273,0.336633663,0.378378378,0.554455445,0.40411858193509215,0.35926011231568483,158.34566636111828,-0.521210731,7.122485454040151,0.8163744807243347,1.1644647219182573,Andy Pages,24816,681624
Aaron Judge,NYY,28,123,10,22,18,5,0.170731707,0.276422764,0.33,0.232142857,0.23,0.368852459,0.56,0.400748955,0.43356370531823024,154.2351329510594,0.3518359581939876,8.329593740869878,-1.2775703,1.158402216865372,Aaron Judge,15640,592450
Michael Harris II,ATL,27,100,6,11,20,2,0.06,0.17,0.236559139,0.338028169,0.322580645,0.36,0.559139784,0.3984453296661377,0.45839086205068263,153.51706616754674,-0.349416616,5.96690348,2.034640893340111,1.1350439574749904,Michael Harris II,25931,671739
James Wood,WSN,29,141,10,27,21,5,0.19858156,0.312056737,0.324324324,0.298245614,0.243243243,0.404255319,0.567567567,0.41023957641036424,0.44674323753074363,161.99362794806592,0.6409763037227094,10.957609721226225,-4.28360033,1.1339812290277358,James Wood,29518,695578
Colson Montgomery,CHW,28,115,7,12,19,1,0.086956521,0.304347826,0.265306123,0.267857142,0.224489795,0.339130434,0.489795918,0.36075865589411915,0.3320813811985792,126.15639857401453,-0.85090902,2.746342565163987,4.250490605831146,1.1238983152038495,Colson Montgomery,29712,695657
José Ramírez,CLE,29,126,6,19,12,11,0.166666666,0.134920634,0.228571429,0.219512195,0.228571428,0.357142857,0.457142857,0.35512445031142814,0.4051632764862805,123.82274848116208,2.6844738563522696,6.274167916220337,0.31590917706489563,1.122488927197804,Jose Ramirez,13510,608070
JJ Wetherholt,STL,27,124,5,21,13,4,0.120967741,0.18548387,0.168316832,0.253333333,0.237623762,0.362903225,0.405940594,0.349347714,0.3594765081638243,122.93924041452333,0.9100852934643626,4.267249251380234,2.4343704283237457,1.0815018253847155,JJ Wetherholt,34985,802139
Munetaka Murakami,CHW,28,122,11,20,20,0,0.180327868,0.336065573,0.333333333,0.25,0.232323232,0.368852459,0.565656565,0.39568893047941833,0.407864684,149.48295976525026,-0.653426752,6.566129838747637,-0.342907071,1.0708977523947296,Munetaka Murakami,37120,808959
Brice Turang,MIL,25,116,4,20,18,7,0.181034482,0.24137931,0.204301075,0.322580645,0.258064516,0.391304347,0.462365591,0.3780075834508528,0.4027785917298984,140.92520449924493,0.554980562,6.157981319498677,0.6545625030994415,1.0667180472290019,Brice Turang,22186,668930
Christian Walker,HOU,29,118,7,18,23,0,0.110169491,0.186440677,0.281553398,0.306666666,0.291262135,0.372881355,0.572815533,0.4060383749823285,0.36693690373347354,157.21946384561414,-0.397320362,7.677275914415921,-1.462801576,1.055553432,Christian Walker,13419,572233
Jordan Walker,STL,26,111,8,21,16,4,0.099099099,0.315315315,0.282828283,0.357142857,0.282828282,0.36036036,0.565656565,0.4023619589504895,0.3923934042990745,158.81197536888345,0.5893221031874418,8.294108076,-1.542460024,1.0442972043398229,Jordan Walker,27475,691023
Willson Contreras,BOS,27,115,6,13,19,0,0.12173913,0.295652173,0.210526316,0.321428571,0.252631578,0.373913043,0.463157894,0.3742818303730177,0.39527815422125623,131.28349094722847,-0.039089373,4.263283795610636,1.7321534156799316,1.0225387615161934,Willson Contreras,11609,575929
Nick Kurtz,ATH,27,125,5,17,12,3,0.24,0.32,0.189473684,0.36,0.242105263,0.424,0.431578947,0.3840465213431687,0.4248575617055424,139.16875340275243,-0.343611608,5.5116295713738825,-0.255785942,0.9838254365961638,Nick Kurtz,35110,701762
Taylor Ward,BAL,28,132,1,14,11,1,0.159090909,0.143939393,0.146788991,0.366666666,0.311926605,0.424242424,0.458715596,0.3965274646426692,0.380258762,151.72933075663565,-1.195511173,6.970421911434887,-2.016898453,0.9785280496753648,Taylor Ward,17548,621493
Carlos Correa,HOU,26,112,2,20,14,1,0.133928571,0.160714285,0.135416666,0.324675324,0.28125,0.375,0.416666666,0.35357059,0.37015574687236064,122.18129114200507,0.3196144700050354,3.290595444228906,2.226787805557251,0.9633068582238453,Carlos Correa,14162,621043
Yandy Díaz,TBR,27,120,4,16,20,1,0.091666666,0.116666666,0.163461539,0.360465116,0.336538461,0.425,0.5,0.4082527857715801,0.3712515750173795,157.2536941485316,-0.197182927,8.019183237531974,-2.916666508,0.9502324308686048,Yandy Diaz,16578,650490
Brandon Lowe,PIT,23,106,7,14,19,0,0.113207547,0.245283018,0.279569893,0.266666666,0.247311827,0.339622641,0.52688172,0.37796061106447904,0.34487375223411704,138.22934044188187,-0.145974732,4.636740291431651,1.2016812711954117,0.9356049316831216,Brandon Lowe,18882,664040
Masyn Winn,STL,22,95,1,13,12,3,0.094736842,0.221052631,0.120481928,0.338709677,0.26506024,0.347368421,0.385542168,0.331207632,0.29127658681666596,110.66453227476939,0.9638964654877782,2.159637826678228,3.982504367828369,0.9305814306507318,Masyn Winn,27479,691026
Vladimir Guerrero Jr.,TOR,27,115,2,15,14,2,0.12173913,0.113043478,0.12,0.376470588,0.34,0.426086956,0.46,0.3910838993532317,0.3991398811340332,147.26089107434305,-0.355897811,6.143824039451742,-1.170397699,0.9190926024659031,Vladimir Guerrero Jr.,19611,665489
Brayan Rocchio,CLE,28,103,3,11,17,1,0.097087378,0.106796116,0.133333334,0.289473684,0.277777777,0.362745098,0.411111111,0.35055359438353895,0.3235935551105159,120.77031468944195,-0.442979672,2.1154608619678714,3.2207162976264954,0.9124331500455622,Brayan Rocchio,23690,677587
Riley Greene,DET,29,120,3,19,17,1,0.141666666,0.241666666,0.165048544,0.394366197,0.300970873,0.4,0.466019417,0.38771988948186237,0.4016344388326009,144.16757933127457,0.074966738,6.413370046332077,-1.885604382,0.8920571298106996,Riley Greene,25976,682985
Luis Arraez,SFG,27,115,0,11,8,4,0.052173913,0.034782608,0.057142857,0.320388349,0.314285714,0.345132743,0.371428571,0.3203706340452211,0.3148556937158635,103.57933351797752,1.3321168809197843,1.8179329117018805,3.281811386346817,0.8901000488067365,Luis Arraez,18568,650333
Zach Neto,LAA,29,136,5,21,14,4,0.147058823,0.279411764,0.2,0.319444444,0.24347826,0.360294117,0.44347826,0.3579058673646715,0.3348834002459491,123.33857401620853,-1.581024608,2.214818479730713,1.6388403475284576,0.881660488,Zach Neto,31347,687263
Ozzie Albies,ATL,29,124,5,19,16,0,0.056451612,0.120967741,0.175438597,0.322916666,0.315789473,0.354838709,0.49122807,0.3702448962196227,0.2977247853432932,134.43489902077147,-0.342422395,4.697134268502728,-0.312265784,0.8470043073655263,Ozzie Albies,16556,645277
Dillon Dingler,DET,24,96,5,11,19,0,0.0625,0.166666666,0.226190476,0.238095238,0.238095238,0.319148936,0.464285714,0.3469043234561352,0.4375011895292549,116.91079965354636,-0.678636325,1.2628324189502527,3.645517945289612,0.8438263336103253,Dillon Dingler,27464,693307
Maikel Garcia,KCR,26,112,2,15,10,2,0.107142857,0.178571428,0.121212121,0.307692307,0.262626262,0.339285714,0.383838383,0.32635817357472013,0.3388159615652902,100.44874477389006,0.18191763665527105,0.24202289279092615,3.989729642868042,0.8331775580921378,Maikel Garcia,22715,672580
Josh Jung,TEX,25,100,4,12,14,1,0.07,0.17,0.252747253,0.338028169,0.307692307,0.36,0.56043956,0.39775333523750306,0.35829872131347656,152.50935108896002,-0.305049208,5.974546399816204,-1.375920504,0.8269353820666943,Josh Jung,26299,673962
Wilyer Abreu,BOS,27,113,4,15,12,0,0.079646017,0.17699115,0.182692307,0.3375,0.298076923,0.3539823,0.48076923,0.36830788587046936,0.37486198970249723,127.29406963158874,-0.4691742,3.2192576575730465,0.8703510761260986,0.8224047150427792,Wilyer Abreu,23772,677800
Ian Happ,CHC,26,120,7,18,14,1,0.141666666,0.3,0.245098039,0.288135593,0.235294117,0.35,0.480392156,0.364899857,0.3372219630650112,133.10356662654237,-1.088115738,3.600318919236294,0.6055498123168945,0.8158806010248718,Ian Happ,17919,664023
Liam Hicks,MIA,27,96,5,16,24,1,0.052083333,0.0625,0.209302325,0.282051282,0.313953488,0.354166666,0.523255813,0.37877075374126434,0.3596447593287418,139.32535973261486,0.19817484635859728,4.653873086969011,0.2414971888065338,0.8076367658821623,Liam Hicks,29844,689414
Gunnar Henderson,BAL,28,132,9,19,18,4,0.083333333,0.31060606,0.277310924,0.228571428,0.210084033,0.28030303,0.487394957,0.3321218698313742,0.3212399049238725,108.71904623239385,1.211350980680436,2.5877296627215274,0.5722247660160065,0.796986119,Gunnar Henderson,26289,683002
Andrés Giménez,TOR,26,100,3,8,16,4,0.04,0.16,0.180851064,0.315789473,0.287234042,0.313131313,0.468085106,0.34013840164801085,0.2696242091631649,113.23930711178983,0.7755034514702857,2.3587927717847994,1.8399432301521301,0.7864592240181278,Andres Gimenez,19950,665926
Ramón Laureano,SDP,25,110,4,13,18,3,0.081818181,0.281818181,0.204081633,0.323076923,0.25510204,0.318181818,0.459183673,0.3389350555159829,0.34807971607555044,117.49970375691905,0.6443284344859421,2.9162598439128518,1.194237232208252,0.7737130900779018,Ramon Laureano,17128,657656
Shohei Ohtani,LAD,28,129,6,19,12,3,0.155038759,0.240310077,0.223300971,0.308823529,0.262135922,0.390625,0.485436893,0.37483996201336867,0.4049262070074314,138.53393118928622,0.5332276383414865,6.400075976289459,-2.916666508,0.772017276,Shohei Ohtani,19755,660271
Cam Smith,HOU,29,115,3,15,12,4,0.113043478,0.260869565,0.144329897,0.272727272,0.216494845,0.315789473,0.360824742,0.3072215757871929,0.3489273881490252,91.22925505,1.257954640313983,0.0517268,3.435191512107849,0.7686308506433313,Cam Smith,35108,701358
Mauricio Dubón,ATL,27,106,2,14,14,0,0.056603773,0.179245283,0.151515152,0.333333333,0.282828282,0.330188679,0.434343434,0.3390232448307973,0.30311249786952754,113.30838791483886,-0.738905783,0.9260517096406382,3.2541251182556152,0.7677602898225654,Mauricio Dubon,16530,643289
Cal Raleigh,SEA,29,128,6,12,15,2,0.109375,0.2890625,0.194690265,0.239436619,0.203539823,0.2890625,0.398230088,0.3062040191143751,0.3251272439956665,96.45269801,-0.480641449,-1.023645611,3.9549341201782227,0.7593821333675327,Cal Raleigh,21534,663728
Brandon Nimmo,TEX,28,128,4,14,12,1,0.0859375,0.203125,0.184210526,0.329411764,0.280701754,0.3515625,0.46491228,0.3579482487806185,0.36934604794960324,125.92737324932047,0.18518772721290588,4.154027033773998,-1.3278539,0.7487425383133011,Brandon Nimmo,12927,607043
CJ Abrams,WSN,28,118,7,15,21,5,0.110169491,0.169491525,0.24742268,0.263888888,0.268041237,0.381355932,0.515463917,0.38800388985666734,0.38638631228742926,146.9475795160202,-0.235929407,6.3024037682679515,-2.759525061,0.7422710746988683,CJ Abrams,25768,682928
Pete Crow-Armstrong,CHC,28,115,1,16,7,5,0.060869565,0.295652173,0.076190476,0.342857142,0.238095238,0.298245614,0.314285714,0.2769529629597622,0.2668774528841002,73.59322861549992,-0.126315864,-3.710455982,7.331380844116211,0.7404165229213183,Pete Crow-Armstrong,27769,691718
Cole Young,SEA,29,114,3,18,14,1,0.096491228,0.228070175,0.138613862,0.333333333,0.267326732,0.350877192,0.405940594,0.3419548273086548,0.34739383898283305,120.32721445240063,-0.339830182,2.431432835140048,0.7293640971183777,0.7320067081858204,Cole Young,31680,702284
Carter Jensen,KCR,26,94,6,13,16,0,0.106382978,0.265957446,0.243902439,0.307692307,0.268292682,0.351063829,0.512195121,0.37709988558546026,0.3423055283566739,134.33423992727592,-0.025155965,3.8345153037170965,-0.03986153,0.7238704961163888,Carter Jensen,29478,695600
Chandler Simpson,TBR,27,116,0,14,6,9,0.051724137,0.086206896,0.03773585,0.350515463,0.320754716,0.3539823,0.358490566,0.3217065397617036,0.28468754861207135,99.45780426821624,1.342200773768127,1.2669849685066057,1.712520956993103,0.7208861581368424,Chandler Simpson,31912,802415
Evan Carter,TEX,28,102,3,10,9,5,0.147058823,0.225490196,0.158536585,0.245614035,0.207317073,0.333333333,0.365853658,0.32035844615011505,0.33230771922101876,100.82476980182444,1.1447047116234899,1.2453116536695226,2.121399462223053,0.7094725248853363,Evan Carter,27790,694497
José Caballero,NYY,27,102,3,12,11,11,0.039215686,0.235294117,0.145833333,0.333333333,0.270833333,0.31372549,0.416666666,0.32510803727542653,0.2624579703453744,103.7218597460595,1.686776127666235,2.140775445957205,1.2149781631305814,0.7083634251446198,Jose Caballero,23401,676609
Miguel Vargas,CHW,27,121,5,20,13,5,0.165289256,0.157024793,0.214285714,0.2,0.204081632,0.347107438,0.418367346,0.34510819774028684,0.36687964447273697,115.70496714009475,0.8391078282147646,3.111678659301359,-0.459372371,0.705841105,Miguel Vargas,20178,678246
Cody Bellinger,NYY,27,116,3,18,14,3,0.155172413,0.129310344,0.145833333,0.2625,0.25,0.362068965,0.395833333,0.3427096646407555,0.37386156165081524,115.4762888960518,0.38638966670259833,2.533329348,0.27637338638305664,0.7036989751190695,Cody Bellinger,15998,641355
Matt Chapman,SFG,28,118,1,15,12,0,0.093220338,0.186440677,0.094339623,0.34939759,0.283018867,0.355932203,0.37735849,0.33355561656466987,0.29346668409264604,112.50111270767023,-0.188493124,1.5525218717760216,1.4402141571044922,0.6865865916124417,Matt Chapman,16505,656305
Randy Arozarena,SEA,29,122,2,19,11,7,0.098360655,0.213114754,0.133333333,0.341772151,0.276190476,0.360655737,0.409523809,0.3461356563646285,0.3336235734282947,123.11918691646228,1.0830552810803056,4.456141270002142,-2.04050678,0.6855003032419112,Randy Arozarena,19290,668227
Ryan O'Hearn,PIT,26,109,4,14,16,1,0.119266055,0.174311926,0.173913043,0.352112676,0.315217391,0.403669724,0.489130434,0.391929203,0.39384117832890264,147.6813582335381,-1.4712295,4.662815387987904,-1.422273735,0.6824063026327067,Ryan O'Hearn,16442,656811
Hunter Goodman,COL,26,106,7,19,11,1,0.075471698,0.37735849,0.284210527,0.375,0.263157894,0.339622641,0.547368421,0.3826864730744135,0.3257840837751116,129.54195719488877,-1.272000064,2.423872291084372,0.9051554873585701,0.6816084665221072,Hunter Goodman,29715,696100
Dansby Swanson,CHC,28,117,6,22,21,1,0.162393162,0.239316239,0.223404256,0.19047619,0.191489361,0.324786324,0.414893617,0.32948680922516393,0.34117511223102437,109.1408962497814,1.0528519889339805,2.3151051737845347,0.49767184257507324,0.6651200381984089,Dansby Swanson,18314,621020
Xander Bogaerts,SDP,26,109,4,11,16,2,0.110091743,0.128440366,0.144329897,0.29113924,0.278350515,0.357798165,0.422680412,0.35131774473627775,0.36485675496792574,125.87860140316917,-0.502978868,2.826215360156969,0.066736221,0.6472238413735419,Xander Bogaerts,12161,593428
Oneil Cruz,PIT,27,122,8,19,24,10,0.073770491,0.352459016,0.258928571,0.344262295,0.258928571,0.319672131,0.517857142,0.3592284470796585,0.3651405970255534,125.55399327542467,1.2418322078883648,4.921346045977067,-2.446710527,0.647151024,Oneil Cruz,21711,665833
Casey Schmitt,SFG,22,89,4,10,13,1,0.04494382,0.213483146,0.24691358,0.33898305,0.296296296,0.348314606,0.543209876,0.38644779264257195,0.3693577593023127,148.2912485787883,0.027474006172269583,5.100070003630977,-1.668406337,0.636723023,Casey Schmitt,27577,669477
Nick Gonzales,PIT,25,95,0,11,13,2,0.052631578,0.189473684,0.04494382,0.38028169,0.303370786,0.347368421,0.348314606,0.31730043637125116,0.3297576301976254,97.18289359048406,0.8702463717199862,0.5543834190893904,2.2610347270965576,0.5938562206955665,Nick Gonzales,27490,693304
Garrett Mitchell,MIL,25,87,1,10,19,5,0.195402298,0.379310344,0.147058824,0.44117647,0.235294117,0.395348837,0.382352941,0.3561049643684836,0.3415460474350873,126.10453023285109,0.5012337984517217,3.1816792193729815,-0.186412893,0.5860488134416603,Garrett Mitchell,27555,669003
Junior Caminero,TBR,27,122,8,17,15,0,0.106557377,0.147540983,0.25,0.240963855,0.259259259,0.336065573,0.509259259,0.3685523994633409,0.3696175246942239,130.74163543930547,-0.741298215,3.743901898756481,-2.324108124,0.5847030417533093,Junior Caminero,28163,691406
Chase DeLauter,CLE,26,104,5,12,16,0,0.125,0.115384615,0.244444444,0.216216216,0.233333333,0.326923076,0.477777777,0.351922122,0.3636859380281888,121.68422250451736,0.31095755426213145,3.0079033631072534,-0.968566358,0.582347441,Chase DeLauter,32127,800050
Corey Seager,TEX,27,117,6,19,17,1,0.119658119,0.239316239,0.22,0.235294117,0.22,0.316239316,0.44,0.3270870177642159,0.3419010328209918,105.31813377761155,-0.513975586,0.23013956123900514,1.285074695944786,0.576287812,Corey Seager,13624,608369
Francisco Lindor,NYM,24,105,2,14,5,2,0.104761904,0.18095238,0.129032258,0.263888888,0.225806451,0.314285714,0.354838709,0.30473384970710393,0.340920657,93.91513600929048,-0.253971616,-1.008042215,3.139256238937378,0.5571164301369622,Francisco Lindor,12916,596019
Daylen Lile,WSN,28,127,3,18,14,1,0.094488188,0.149606299,0.139130435,0.311827956,0.278260869,0.346456692,0.417391304,0.3397143265557668,0.35747552490234374,114.27185770131017,-1.039714686,1.0995083251535922,0.3131437301635742,0.5559159881576771,Daylen Lile,29995,695734
Geraldo Perdomo,ARI,25,102,1,11,6,6,0.137254901,0.12745098,0.142857142,0.277777777,0.25,0.35,0.392857142,0.3330052304267883,0.3119523790147569,108.71786661510461,-0.378989937,0.670509538,1.509918212890625,0.5523435103357425,Geraldo Perdomo,22799,672695
Iván Herrera,STL,27,124,4,11,13,0,0.153225806,0.14516129,0.177083333,0.253333333,0.239583333,0.403225806,0.416666666,0.3654317835966746,0.40234222412109377,133.82272191652908,-1.261701827,3.6882625534964237,-2.249179959,0.5488369937741833,Ivan Herrera,20599,671056
Will Smith,LAD,24,89,3,11,14,0,0.101123595,0.168539325,0.126582279,0.29032258,0.265822784,0.337078651,0.392405063,0.3281920063361693,0.34151169423306926,106.96902318970065,-0.249877493,0.48216071648137426,2.0278543680906296,0.5434353601666743,Will Smith,19197,669257
Troy Johnston,COL,26,98,2,8,16,1,0.071428571,0.204081632,0.134831461,0.388059701,0.314606741,0.37113402,0.449438202,0.3665490482271332,0.32884405077118234,118.62237190417468,0.1615812759846449,2.315517822055278,-0.187576652,0.5340252468954079,Troy Johnston,26143,687859
Jac Caglianone,KCR,24,90,2,11,4,0,0.088888888,0.3,0.1625,0.372549019,0.2625,0.344444444,0.425,0.344724883,0.35495611826578777,112.71409841797828,-0.152417001,1.2160146297021497,0.8343852758407593,0.5328613403237966,Jac Caglianone,35041,695506
Freddie Freeman,LAD,26,114,3,10,15,0,0.078947368,0.122807017,0.173076923,0.287356321,0.269230769,0.333333333,0.442307692,0.3441393113972848,0.3991207992821409,117.75996160892652,-0.192947137,2.196617088539051,-0.6059798,0.5316629375554005,Freddie Freeman,5361,518692
Francisco Alvarez,NYM,26,89,4,8,7,0,0.101123595,0.202247191,0.186666666,0.259259259,0.24,0.333333333,0.426666666,0.3394006093343099,0.36897698764143316,117.37282161182058,0.068886924,1.893758054268189,0.4819277226924896,0.5298387817755723,Francisco Alvarez,26121,682626
Kyle Schwarber,PHI,28,125,9,17,17,0,0.152,0.32,0.323529412,0.207547169,0.196078431,0.344,0.519607843,0.3777005271911621,0.3702338434034778,138.32906067893975,-1.103289792,4.551416117093925,-3.442435205,0.5186760926751836,Kyle Schwarber,16478,656941
Jacob Wilson,ATH,27,117,2,11,14,1,0.008547008,0.111111111,0.104347826,0.297029702,0.278260869,0.282051282,0.382608695,0.29210081059708554,0.2615771458066743,77.76708183121464,0.10375966550782323,-3.00707806,3.92564857,0.5158965723072846,Jacob Wilson,33266,805779
Alex Bregman,CHC,28,131,3,8,10,1,0.106870229,0.152671755,0.12173913,0.279569892,0.252173913,0.335877862,0.373913043,0.31895542236474844,0.3206865473311077,102.01470491875291,0.070080744,0.3815782517426004,0.4364544451236725,0.5087353163533451,Alex Bregman,17678,608324
Jung Hoo Lee,SFG,28,109,2,13,10,0,0.073394495,0.128440366,0.161616161,0.34117647,0.313131313,0.357798165,0.474747474,0.3641808317341936,0.3416843239320527,133.22403797331103,-1.035826581,3.238333129353416,-2.041546464,0.4755409848483413,Jung Hoo Lee,33824,808982
Jazz Chisholm Jr.,NYY,27,109,2,12,9,9,0.100917431,0.302752293,0.113402062,0.306451612,0.216494845,0.302752293,0.329896907,0.29079392962499495,0.2546080306724266,80.80677701815806,1.335617003031075,-1.166280033,1.9490980505943298,0.4732383029139233,Jazz Chisholm Jr.,20454,665862
Jonathan Aranda,TBR,27,120,6,16,23,0,0.158333333,0.233333333,0.226804124,0.242424242,0.226804123,0.35,0.453608247,0.35179824288151845,0.35749002665030855,119.55315028270992,-0.859918885,1.9461156382857823,-1.707817525,0.45788470048395924,Jonathan Aranda,21837,666018
Byron Buxton,MIN,25,115,5,19,7,0,0.060869565,0.286956521,0.2,0.279411764,0.228571428,0.286956521,0.428571428,0.3144430347110914,0.3040356511655061,94.73039140536247,-0.269381907,-0.99410354,1.4045438468456268,0.45723510908641524,Byron Buxton,14161,621439
William Contreras,MIL,25,110,2,13,14,0,0.1,0.118181818,0.121212121,0.285714285,0.262626262,0.336363636,0.383838383,0.32234667419293606,0.330197151,103.2615716,-0.496632772,-0.073193211,0.9166481476277113,0.4430287789533276,William Contreras,20503,661388
Jose Altuve,HOU,27,120,3,19,8,1,0.133333333,0.183333333,0.153846154,0.303797468,0.259615384,0.358333333,0.413461538,0.34559180756576924,0.33043055173729646,116.85303184980194,-0.211500168,2.2070456171317376,-2.264317557,0.42796761480376266,Jose Altuve,5417,514888
Jackson Merrill,SDP,27,115,3,18,14,5,0.078260869,0.234782608,0.145631067,0.260273972,0.213592233,0.28318584,0.3592233,0.2859005725809506,0.31256089891706196,81.61327421573942,1.3256969852373004,-1.169897822,1.6159150004386902,0.4190579008719015,Jackson Merrill,29490,701538
Jeremiah Jackson,BAL,26,93,5,9,19,1,0.021505376,0.225806451,0.191011236,0.296875,0.269662921,0.29032258,0.460674157,0.3270499590904482,0.3099035594774329,105.33200626035514,-0.414428262,0.1785907609213786,0.5301614850759506,0.4079062171288927,Jeremiah Jackson,22239,669236
Manny Machado,SDP,26,110,4,15,16,1,0.154545454,0.2,0.153846154,0.223880597,0.208791208,0.327272727,0.362637362,0.3110854363222735,0.32758884254945525,98.65491935187377,-0.442986564,-0.617614147,1.1105917990207672,0.4075540789808571,Manny Machado,11493,592518
Bryan Reynolds,PIT,28,124,3,18,17,1,0.177419354,0.274193548,0.131313131,0.333333333,0.242424242,0.387096774,0.373737373,0.3465077017174392,0.34499540485319546,116.94634581873527,0.33914876356720924,2.8192509976855185,-2.819547534,0.40314554690822985,Bryan Reynolds,19326,668804
Gleyber Torres,DET,27,123,2,18,9,0,0.170731707,0.170731707,0.08,0.294871794,0.25,0.382113821,0.33,0.3354490413898375,0.3437492556688262,109.26092168222293,-1.259358244,0.1028840144565295,-0.51480253,0.4029150210342478,Gleyber Torres,16997,650402
Spencer Torkelson,DET,28,107,5,11,12,0,0.158878504,0.280373831,0.235955056,0.296296296,0.235955056,0.364485981,0.471910112,0.3722798501219705,0.3918618975945239,133.85666631385484,-0.497999692,3.8343449376059286,-3.717345953,0.3986158511462202,Spencer Torkelson,27465,679529
Ceddanne Rafaela,BOS,27,97,1,13,10,0,0.06185567,0.206185567,0.126436782,0.348484848,0.275862068,0.350515463,0.40229885,0.3398117871628594,0.30901694,108.26427389977073,-0.999772514,-0.041097381,0.38549043145030737,0.38548523379829397,Ceddanne Rafaela,24262,678882
Kazuma Okamoto,TOR,26,108,5,12,11,0,0.111111111,0.324074074,0.177083334,0.303571428,0.229166666,0.314814814,0.40625,0.323641887,0.33437396861888746,102.22287643073872,-0.25396693,0.033133671566479284,-0.448690981,0.34832613613840113,Kazuma Okamoto,37123,672960
Daulton Varsho,TOR,25,96,3,10,8,2,0.083333333,0.166666666,0.149425287,0.25,0.229885057,0.302083333,0.379310344,0.30270437817824514,0.2978618220279091,88.24073354005087,0.7820583158172667,-0.56798123,0.5296483337879181,0.3431316756588884,Daulton Varsho,19918,662139
Ernie Clement,TOR,27,113,0,9,7,1,0.008849557,0.079646017,0.116071429,0.349514563,0.321428571,0.327433628,0.4375,0.3369243081692046,0.2813446753847916,111.09292409310952,-1.015120957,0.48394075005759274,-1.283949345,0.32748617121696155,Ernie Clement,20352,676391
Matt McLain,CIN,28,121,2,13,9,4,0.14876033,0.239669421,0.118811881,0.271428571,0.207920792,0.338842975,0.326732673,0.31213883329028924,0.33932116826375325,90.66416685518655,-0.441421635,-1.774667622,1.1112493872642517,0.32627127688431795,Matt McLain,29695,680574
Brooks Lee,MIN,26,95,5,11,15,1,0.07368421,0.189473684,0.195402299,0.265625,0.252873563,0.315789473,0.448275862,0.33844180734534013,0.27140918530915914,110.75685684296771,-0.09165169,1.1304406444885329,-1.329817772,0.3232163544279743,Brooks Lee,31595,686797
Nolan Arenado,ARI,25,96,4,14,14,0,0.041666666,0.197916666,0.153846154,0.318840579,0.285714285,0.3125,0.439560439,0.3304799497127533,0.3018728693326314,107.00910462855087,-0.088129885,0.7060257274236152,-0.776598155,0.30499270064222306,Nolan Arenado,9777,571448
Jeff McNeil,ATH,27,96,1,8,6,1,0.083333333,0.125,0.095238095,0.319444444,0.285714285,0.357894736,0.38095238,0.3352350536145662,0.3403584128931949,106.57228222343707,-0.354049245,0.40049109471075206,-0.880280823,0.2984481845938948,Jeff McNeil,15362,643446
Connor Norby,MIA,25,97,3,7,10,0,0.092783505,0.278350515,0.168674699,0.296296296,0.228915662,0.329896907,0.397590361,0.32850561682710944,0.29547893878110904,105.31284194381546,0.19164825603365898,0.7998819347054281,-1.014955461,0.2936179671527478,Connor Norby,29592,681393
Chase Meidroth,CHW,26,116,1,16,3,1,0.112068965,0.198275862,0.080808081,0.328947368,0.262626262,0.345132743,0.343434343,0.3160505210403847,0.3145476409367153,96.30014763,0.08427661,-0.428983379,-0.834665358,0.29140143868724727,Chase Meidroth,31580,805367
Jesús Sánchez,TOR,26,89,4,10,15,0,0.056179775,0.17977528,0.189873418,0.274193548,0.265822784,0.314606741,0.455696202,0.33033431389115075,0.3872528943148526,106.69210255357282,0.014039227738976479,0.7263140944301796,-1.170404244,0.2767586997820262,Jesus Sanchez,19913,660821
Fernando Tatis Jr.,SDP,27,118,0,11,12,6,0.110169491,0.245762711,0.04,0.337837837,0.25,0.333333333,0.29,0.2870361630258889,0.3523415203752189,82.38168533685543,-0.023126869,-2.476808453,1.4055109024047852,0.2752321959874938,Fernando Tatis Jr.,19709,665487
Adolis García,PHI,28,112,3,7,7,1,0.080357142,0.285714285,0.15,0.303030303,0.23,0.303571428,0.38,0.3065462367875235,0.3016517843518938,90.18164247462097,-0.071447845,-1.369310388,0.48880600929260254,0.27503545336044755,Adolis Garcia,19287,666969
Brandon Marsh,PHI,25,96,4,11,16,2,0.041666666,0.208333333,0.175824176,0.338235294,0.296703296,0.322916666,0.472527472,0.34770429382721585,0.33685049759714225,118.03174362138104,0.18200496910139918,2.2250634147255193,-2.636730254,0.2704677188717995,Brandon Marsh,20202,669016
Teoscar Hernández,LAD,25,101,4,16,15,1,0.07920792,0.297029702,0.173913044,0.305084745,0.239130434,0.297029702,0.413043478,0.31387160556151134,0.3198859214782715,97.27894939317171,0.3803149266168475,0.055953033,-0.683528453,0.26487090775469285,Teoscar Hernandez,13066,606192
Roman Anthony,BOS,23,101,1,11,4,2,0.168316831,0.267326732,0.096385543,0.309090909,0.216867469,0.356435643,0.313253012,0.31322126507759096,0.35544863614169037,90.50702899136779,0.7476710369810462,-0.398946432,-0.760668159,0.247711021,Roman Anthony,31812,701350
Julio Rodríguez,SEA,29,126,2,12,10,3,0.095238095,0.23015873,0.080357142,0.320987654,0.25,0.333333333,0.330357142,0.30400357246398924,0.3236631774902344,94.98323193498719,-0.602583794,-1.358527741,-0.760919452,0.24092605895424887,Julio Rodriguez,23697,677594
Ketel Marte,ARI,26,114,4,16,10,0,0.078947368,0.175438596,0.142857142,0.259259259,0.238095238,0.298245614,0.38095238,0.30473941041712177,0.3647591440301192,89.59145485309759,-0.152863993,-1.553311115,0.19600561261177063,0.2332773063389228,Ketel Marte,13613,606466
Trea Turner,PHI,28,125,3,16,9,3,0.096,0.184,0.123893805,0.264367816,0.230088495,0.304,0.3539823,0.2987791690826416,0.2922030944824219,84.92596141,0.6225934168323874,-1.6012872,-0.130345464,0.23115413748365982,Trea Turner,16252,607208
Heliot Ramos,SFG,27,104,3,11,14,0,0.057692307,0.307692307,0.142857143,0.365079365,0.265306122,0.307692307,0.408163265,0.3144684300839322,0.33570045999961323,99.58553524046945,0.19333172170445323,0.14245808515649067,-1.319744557,0.2189843605997471,Heliot Ramos,22515,671218
Luis Robert Jr.,NYM,24,98,2,10,8,2,0.132653061,0.173469387,0.105882353,0.257575757,0.223529411,0.326530612,0.329411764,0.30426137058102354,0.3247279342339963,93.59542724756781,-0.951091046,-1.691869041,0.6636271178722382,0.2145618951816789,Luis Robert Jr.,20043,673357
Kyle Tucker,LAD,27,120,3,20,13,3,0.116666666,0.216666666,0.133333333,0.285714285,0.238095238,0.325,0.371428571,0.3155123074849447,0.3131357192993164,98.38915036,0.26420659525319934,0.036063103,-1.817621708,0.20984364161994024,Kyle Tucker,18345,663656
Ronald Acuña Jr.,ATL,29,132,2,14,8,6,0.136363636,0.189393939,0.119266055,0.285714285,0.23853211,0.356060606,0.357798165,0.3255680835884036,0.3876398392306029,104.20378899790632,-0.350220469,0.3046971500505039,-2.497938275,0.2071908443071108,Ronald Acuna Jr.,18401,660670
Austin Riley,ATL,29,124,3,15,17,2,0.096774193,0.201612903,0.136363636,0.243902439,0.209090909,0.298387096,0.345454545,0.2943164110183716,0.3105310317008726,83.05696369365417,0.5718779098242521,-1.907739976,-0.045492291,0.20547279598584997,Austin Riley,18360,663586
Tyler Soderstrom,ATH,28,122,3,14,18,1,0.114754098,0.18852459,0.196261682,0.243902439,0.214953271,0.303278688,0.411214953,0.3135600700851314,0.33356475830078125,92.09765139,0.776618312,-0.376333194,-2.015883327,0.1988580036347892,Tyler Soderstrom,27467,691016
Yoán Moncada,LAA,25,92,3,9,9,0,0.163043478,0.326086956,0.146666666,0.285714285,0.2,0.347826086,0.346666666,0.324582665,0.2963702652480576,101.08522125922445,-0.093968162,0.025430963197624556,-1.439593524,0.1894137756431442,Yoan Moncada,17232,660162
Nolan Gorman,STL,26,101,3,10,15,0,0.0990099,0.287128712,0.123595505,0.288135593,0.224719101,0.297029702,0.348314606,0.2868248629570007,0.26962541580200194,80.63239059114578,-0.814896334,-3.123605491,1.7464118003845215,0.1889958528740867,Nolan Gorman,22263,669357
Max Muncy,ATH,26,104,2,15,7,2,0.057692307,0.35576923,0.163043479,0.363636363,0.239130434,0.307692307,0.402173913,0.31445980301270116,0.30363086553720325,92.69849622601411,-0.206016709,-1.114131353,-0.757118955,0.18652460859405917,Max Muncy,29779,691777
Steven Kwan,CLE,27,117,1,10,8,2,0.102564102,0.119658119,0.058823529,0.25,0.225490196,0.310344827,0.284313725,0.27833604504322185,0.2910311797569538,72.54317923838045,-0.169094238,-4.010862251,1.6126505136489868,0.18017765411672282,Steven Kwan,24610,680757
Jacob Young,WSN,27,96,2,10,12,1,0.041666666,0.15625,0.122222222,0.273972602,0.244444444,0.284210526,0.366666666,0.29096460718857614,0.3215265775981702,81.28476567354288,0.7256073299795389,-1.394892959,0.046231359243392944,0.17562674233430395,Jacob Young,29931,696285
Jorge Soler,LAA,25,108,5,14,20,0,0.111111111,0.333333333,0.21978022,0.307692307,0.23076923,0.333333333,0.45054945,0.3462630984959779,0.3197877318770797,115.56349169362936,-0.301065656,1.7090720929562102,-3.911450624,0.1674672062942359,Jorge Soler,14221,624585
Isaac Paredes,HOU,24,98,3,12,14,0,0.081632653,0.173469387,0.151162791,0.257575757,0.232558139,0.326530612,0.38372093,0.3233008482018296,0.28696437757842397,101.9670501680798,-0.357345741,-0.126810917,-1.869301423,0.15219806226255062,Isaac Paredes,20036,670623
Bryce Harper,PHI,28,119,6,15,18,1,0.117647058,0.176470588,0.240384616,0.269230769,0.259615384,0.344537815,0.5,0.3688443147835611,0.3993049429244354,132.3363965672443,-0.686409944,3.8552061206725368,-6.199302912,0.1496530910722014,Bryce Harper,11579,547180
Alec Burleson,STL,26,116,3,10,17,1,0.112068965,0.129310344,0.147058823,0.258823529,0.245098039,0.327586206,0.392156862,0.3201808162357496,0.37358597465183424,103.20310309499105,0.29791137389838696,0.736442819,-3.291066408,0.11858968803323877,Alec Burleson,27615,676475
Trent Grisham,NYY,27,101,4,14,16,1,0.188118811,0.198019801,0.185185185,0.155172413,0.160493827,0.316831683,0.345679012,0.30650892824229625,0.3495448650700031,91.30130880236976,-1.0672275,-2.117907132,-0.595206678,0.090468538,Trent Grisham,18564,663757
TJ Rumfield,COL,29,113,3,9,16,0,0.097345132,0.159292035,0.15,0.275,0.25,0.327433628,0.4,0.3257923284463123,0.3426342179289961,91.04384050723915,-0.864144751,-2.058606087,-0.782993078,0.079788273,TJ Rumfield,29805,681198
Pete Alonso,BAL,28,123,3,13,10,1,0.121951219,0.260162601,0.140186916,0.25,0.196261682,0.300813008,0.336448598,0.2932989006120015,0.32169232602979314,82.79292976543955,-0.380122902,-2.911209875,-0.73096633,0.075953968,Pete Alonso,19251,624413
Josh Bell,MIN,27,109,3,18,16,0,0.119266055,0.183486238,0.14893617,0.263888888,0.234042553,0.330275229,0.382978723,0.3228076980748308,0.3307207789989786,100.3163432512856,-0.576822566,-0.535586227,-2.654085144,0.071149851,Josh Bell,13145,605137
Giancarlo Stanton,NYY,24,96,3,8,14,1,0.0625,0.302083333,0.166666667,0.344827586,0.255555555,0.302083333,0.422222222,0.32049287110567093,0.32627807060877484,100.63983541774708,-0.427553242,-0.354096014,-2.484567881,0.059687053,Giancarlo Stanton,4949,519317
Jo Adell,LAA,29,126,4,13,18,2,0.031746031,0.206349206,0.11965812,0.306818181,0.264957264,0.309523809,0.384615384,0.3110728736907717,0.32333370971679687,92.06333482405074,0.041526281,-1.154397853,-2.782679558,0.056948696,Jo Adell,20220,666176
Jakob Marsee,MIA,28,126,1,17,8,10,0.126984126,0.206349206,0.084112149,0.222222222,0.177570093,0.293650793,0.261682242,0.26430096701970174,0.28160513305664064,61.86798279,1.7024866789579391,-3.968154395,0.1930820420384407,0.027572149568836402,Jakob Marsee,31370,805300
Nasim Nuñez,WSN,26,99,0,12,10,13,0.111111111,0.202020202,0.011764705,0.261538461,0.2,0.298969072,0.211764705,0.2499290581830998,0.2698110206839965,53.51756108190725,1.8142788987606764,-3.616922851,0.6623335182666779,0.022831783608104655,Nasim Nunez,25979,683083
Kyle Karros,COL,29,99,1,12,3,2,0.181818181,0.191919191,0.075,0.229508196,0.1875,0.333333333,0.2625,0.28867191738552517,0.35815233172792377,65.92586174416873,0.797463855,-3.183900368,0.2143361121416092,0.021316048,Kyle Karros,33252,691720
Caleb Durbin,BOS,26,100,1,12,10,3,0.09,0.15,0.101123596,0.191780821,0.168539325,0.26,0.269662921,0.24810914278030397,0.26517170607441604,47.02492290743466,0.7069465680979192,-5.628345233,2.2417407035827637,0.018684276035130884,Caleb Durbin,29646,702332
Michael Busch,CHC,27,117,2,13,11,0,0.102564102,0.213675213,0.097087378,0.259740259,0.213592233,0.299145299,0.310679611,0.2814641416582287,0.28909927759415066,76.64577268778785,-1.15942032,-4.3843719,0.6801778078079224,0.005483581,Michael Busch,26319,683737
Spencer Steer,CIN,26,99,4,11,6,1,0.07070707,0.272727272,0.193181819,0.258620689,0.21590909,0.292929292,0.409090909,0.3119209571318193,0.34884391946995513,90.51673829593737,0.11752290464937687,-0.990540888,-2.153791904,0.003626281,Spencer Steer,26323,668715
Jake Bauers,MIL,25,95,5,16,15,3,0.07368421,0.210526315,0.215909091,0.285714285,0.261363636,0.315789473,0.477272727,0.3403194950472924,0.3387714509041079,115.42309994035011,0.1978676407597959,1.9271547807201275,-5.157179713,-0.018052991,Jake Bauers,15194,641343
Justin Crawford,PHI,24,87,0,7,3,2,0.08045977,0.195402298,0.08974359,0.311475409,0.243589743,0.32183908,0.333333333,0.3008129870754549,0.2881391021026962,86.30216914995069,-0.396017884,-1.802528082,-1.3646366,-0.037701713,Justin Crawford,31791,702222
Agustín Ramírez,MIA,26,109,2,13,12,2,0.082568807,0.220183486,0.132653061,0.287671232,0.234693877,0.302752293,0.367346938,0.29713209359734144,0.28051687169958045,84.08356490489626,0.13790814206004143,-1.909687206,-1.986524405,-0.039963424,Agustin Ramirez,26546,682663
Brady House,WSN,27,110,3,13,10,1,0.072727272,0.318181818,0.127450981,0.328125,0.235294117,0.29090909,0.362745098,0.2939509175040505,0.2996417305686257,83.30548896136393,-0.634367968,-2.801763744,-1.548638195,-0.082684362,Brady House,29993,691781
Bo Bichette,NYM,28,123,1,12,12,1,0.048780487,0.219512195,0.068965517,0.292134831,0.23275862,0.268292682,0.301724137,0.2573886848077541,0.3087048414276867,61.878452888284166,-0.203963453,-5.738069319,0.7767271399497986,-0.102254262,Bo Bichette,19612,666182
Luis Rengifo,MIL,23,85,0,9,6,1,0.082352941,0.129411764,0.08,0.2,0.173333333,0.25,0.253333333,0.22857270614210382,0.2856255726641919,39.80827267010703,0.32698365207761526,-5.711495427,1.9387674629688263,-0.105498604,Luis Rengifo,19858,650859
Jarren Duran,BOS,23,98,1,14,11,5,0.071428571,0.25510204,0.088888889,0.25,0.188888888,0.25510204,0.277777777,0.2457547759523197,0.27104034026463825,45.45266839378981,1.6668901308439672,-4.725961301,-0.003552675,-0.124472087,Jarren Duran,24617,680776
Nolan Schanuel,LAA,26,116,3,8,18,0,0.086206896,0.155172413,0.125,0.235294117,0.221153846,0.284482758,0.346153846,0.2831782904164544,0.2894352551164298,73.43523323,-0.3197642,-4.004946887,-1.393545628,-0.127120242,Nolan Schanuel,33189,694384
Josh Naylor,SEA,26,113,3,7,11,4,0.088495575,0.17699115,0.108910891,0.227848101,0.207920792,0.28318584,0.316831683,0.27075179666280746,0.31121223313467844,72.77757818183976,-0.23184559,-3.910595195,-1.400928736,-0.129161548,Josh Naylor,18839,647304
Victor Caratini,MIN,21,88,1,5,11,0,0.09090909,0.147727272,0.055555555,0.241935483,0.222222222,0.318181818,0.277777777,0.2796103222803636,0.35506259311329236,71.46898257,-1.513556871,-4.516139426,0.068517488,-0.132086515,Victor Caratini,14968,605170
Josh Smith,TEX,26,92,0,6,6,2,0.141304347,0.173913043,0.025974026,0.258064516,0.207792207,0.326086956,0.233766233,0.2684030807935275,0.31631798214382595,66.12879264184213,0.27471659099683166,-3.451889854,-1.245949671,-0.142954283,Josh Smith,26396,669701
Marcus Semien,NYM,28,110,1,6,8,3,0.063636363,0.209090909,0.08,0.272727272,0.22,0.275229357,0.3,0.26234132106151054,0.2874062149612992,65.22971459816536,0.15355320647358894,-4.36056341,-0.684154332,-0.152961797,Marcus Semien,12533,543760
Gavin Sheets,SDP,25,87,3,10,11,1,0.045977011,0.229885057,0.21686747,0.266666666,0.228915662,0.264367816,0.445783132,0.30883831813417634,0.3038367348155756,97.13437943020361,0.39231393998488784,0.098068479,-4.43837893,-0.156445483,Gavin Sheets,19901,657757
Jake Cronenworth,SDP,26,99,1,12,4,1,0.131313131,0.202020202,0.05952381,0.19047619,0.154761904,0.282828282,0.214285714,0.24582319307808925,0.3099777337276574,54.49442670125721,0.23983005108311772,-5.077230652,0.30127475410699844,-0.161523766,Jake Cronenworth,18036,630105
Eugenio Suárez,CIN,25,100,3,10,11,0,0.09,0.3,0.131868132,0.310344827,0.23076923,0.3,0.362637362,0.2996037840843201,0.2759222984313965,82.18217296686511,0.2348279170691967,-1.868110585,-3.011197329,-0.168733461,Eugenio Suarez,12552,553993
Logan O'Hoppe,LAA,26,93,1,9,8,0,0.118279569,0.247311827,0.051282051,0.272727272,0.205128205,0.322580645,0.256410256,0.27947024247979607,0.29019758,70.95898567424099,-0.965875762,-4.195780811,-0.89024955,-0.178631578,Logan O'Hoppe,24729,681351
Luke Keaschall,MIN,27,114,1,12,12,6,0.052631578,0.149122807,0.056603774,0.235955056,0.207547169,0.254385964,0.264150943,0.23803289626774035,0.27137985904659845,43.70343008912467,1.512222666759044,-6.162837905,0.18296664953231812,-0.193195794,Luke Keaschall,33321,807712
Vinnie Pasquantino,KCR,27,120,3,11,14,0,0.125,0.2,0.15,0.168831168,0.16,0.266666666,0.31,0.26241166492303214,0.29160388310750324,57.74503961443314,-0.328465249,-6.392392336,-0.15956974,-0.229413601,Vinnie Pasquantino,27676,686469
TJ Friedl,CIN,26,111,1,10,5,4,0.09009009,0.216216216,0.072916666,0.239436619,0.1875,0.277777777,0.260416666,0.2543937961260478,0.2495572016789363,51.59028335780449,0.694501665,-5.647514623,-0.383537505,-0.249545429,TJ Friedl,19522,670770
Jake Burger,TEX,28,117,5,10,19,0,0.034188034,0.299145299,0.171171171,0.277777777,0.225225225,0.256410256,0.396396396,0.28620095,0.28457286215236044,78.01427298157246,-0.257190255,-3.333440908,-3.443737268,-0.263053697,Jake Burger,22275,669394
Luis García Jr.,WSN,28,96,1,13,16,2,0.041666666,0.145833333,0.10989011,0.285714285,0.252747252,0.28125,0.362637362,0.284866842,0.32365740106460894,77.15863859558307,-0.268181195,-2.856185845,-2.894584894,-0.269947072,Luis Garcia Jr.,20391,671277
Mike Yastrzemski,ATL,26,94,0,11,5,1,0.085106382,0.265957446,0.058823529,0.266666666,0.188235294,0.265957446,0.247058823,0.2412914329386772,0.25277468498716965,47.176965728734125,0.37288674945011735,-5.487456199,-0.262073755,-0.276324314,Mike Yastrzemski,14854,573262
Sal Frelick,MIL,26,98,1,11,7,1,0.122448979,0.132653061,0.061728395,0.217391304,0.197530864,0.302083333,0.259259259,0.2619730736079969,0.2792280899850946,62.40903857523708,-0.147884469,-4.495802448,-1.392593592,-0.277374434,Sal Frelick,29622,686217
Willy Adames,SFG,27,117,3,12,6,0,0.042735042,0.307692307,0.171171171,0.277777777,0.207207207,0.247863247,0.378378378,0.27607862460307586,0.2729485014564971,73.60860526500417,-1.742615812,-5.386965462,-1.117071867,-0.277911671,Willy Adames,15986,642715
Brett Baty,NYM,25,88,1,10,12,2,0.045454545,0.295454545,0.109756097,0.298245614,0.219512195,0.25,0.329268292,0.25523109056732873,0.2760431333021684,60.41849044,0.8120967522263527,-3.298897402,-2.641899347,-0.3151925,Brett Baty,26123,683146
Lawrence Butler,ATH,26,95,2,8,9,4,0.094736842,0.263157894,0.093023256,0.237288135,0.186046511,0.263157894,0.279069767,0.24674902063734988,0.2971430728310033,47.48099573004567,-0.111189356,-6.077901887,-0.492690191,-0.321666918,Lawrence Butler,22542,671732
Andrew Benintendi,CHW,26,88,2,9,11,0,0.056818181,0.363636363,0.170731707,0.306122448,0.207317073,0.25,0.37804878,0.27444208752025256,0.2924108614866761,68.51388823320323,0.2362492000684142,-3.077325233,-3.494174123,-0.347061685,Andrew Benintendi,17901,643217
Matt Wallner,MIN,25,101,3,12,7,0,0.08910891,0.366336633,0.123595506,0.265306122,0.17977528,0.277227722,0.303370786,0.2702168391482665,0.2984775127750812,65.19598123253274,-0.408623573,-4.612459851,-2.58226788,-0.363152612,Matt Wallner,26466,670242
Ezequiel Tovar,COL,29,110,1,8,6,2,0.027272727,0.3,0.104761904,0.28169014,0.2,0.236363636,0.304761904,0.24297003095800226,0.2831391421231357,35.00112303804423,0.6525328611023724,-7.786066569,0.43671780824661255,-0.386232532,Ezequiel Tovar,24064,678662
Salvador Perez,KCR,27,113,4,9,9,0,0.03539823,0.221238938,0.140186916,0.202531645,0.186915887,0.221238938,0.327102803,0.23856732781444276,0.27442032950265066,41.82170676831661,-0.277691811,-8.139717264,0.24642542004585266,-0.390483596,Salvador Perez,7304,521692
Trevor Story,BOS,27,119,2,11,17,2,0.050420168,0.310924369,0.099099099,0.27027027,0.198198198,0.235294117,0.297297297,0.23797057055625595,0.2595856610466452,40.25434843632666,0.6132544153369963,-7.889277854,-0.451018214,-0.414040356,Trevor Story,12564,596115
Alec Bohm,PHI,27,110,1,6,11,0,0.072727272,0.172727272,0.051020409,0.1625,0.142857142,0.218181818,0.193877551,0.19725384928963402,0.2709277239712802,16.227615843779045,-0.291939256,-11.16784398,2.617503374814987,-0.507794833,Alec Bohm,21618,664761
Cedric Mullins,TBR,24,97,2,8,8,6,0.051546391,0.206185567,0.114942529,0.151515151,0.137931034,0.2,0.252873563,0.20687987427962454,0.21725475913599918,22.776150014042113,0.8211471801623702,-8.137000331,-1.288364112,-0.603392592,Cedric Mullins,17929,656775
Marcell Ozuna,PIT,23,97,2,6,8,0,0.072164948,0.268041237,0.089887641,0.213114754,0.168539325,0.237113402,0.258426966,0.23013880941056714,0.3119465907414754,38.20391592323882,-0.345314114,-7.419957016,-2.376543045,-0.676197327,Marcell Ozuna,10324,542303
Rafael Devers,SFG,28,117,2,8,10,0,0.051282051,0.307692307,0.09009009,0.301369863,0.216216216,0.256410256,0.306306306,0.2503377877432725,0.2695369222889776,56.19075413912573,-0.648945924,-6.698501526,-4.190429926,-0.721743012,Rafael Devers,17350,646240
