player_key,Chip,Why
yordan_alvarez_hou,Power | Elite wRC+ | Run producer,"179 wRC+, 38 HR, and 95 RBI with .314 AVG make him the model's top MVP candidate."
junior_caminero_tbr,Power | Run producer | Elite hitting,145 wRC+ and .895 OPS with 38 HR and 92 RBI drive 4.62 bat WAR in 625 PA.
bobby_witt_jr_kcr,Elite bat WAR | wRC+ 125 | Power threat,6.5 bat WAR and 125 wRC+ lead MVP case despite modest 17 HR and .285 AVG in 553 PA.
pete_crow_armstrong_chc,Elite wRC+ | Power | Run producer,157 wRC+ leads MVP case; 40 HR and 96 RBI with 9.6 bWAR drive top ranking.
shohei_ohtani_lad,Power | Run producer | Elite efficiency,143 wRC+ and 0.906 OPS with 30 HR and 80 RBI across 590 PA drives 3.88 bat-WAR.
brice_turang_mil,Efficient offense | Run producer | Consistent WAR,4.3 bWAR with 116 wRC+ and 85 RBIs drives #3 MVP ranking.
cam_schlittler_nyy,Elite command | 210 strikeouts | Innings eater,"5.4 WAR, 2.62 FIP, and 31% K-rate across 171.2 IP drives top Cy Young projection."
parker_messick_cle,Elite command | 173 strikeouts | Innings eater,4.3 WAR with 3.11 FIP and 26.1% K% across 167 IP drives top-2 ranking.
drew_rasmussen_tbr,Elite command | 156 strikeouts | Low ERA estimator,4.28 WAR with 2.91 FIP and 26.1% K% across 153.1 IP anchors elite performance.
cristopher_sanchez_phi,Elite command | Innings eater | Strikeout producer,"5.9 WAR, 2.59 FIP, and 207 K over 181.1 IP drives top Cy Young ranking."
jesus_luzardo_phi,Elite command | Strikeout leader | Innings eater,"216 K's, 2.86 FIP, and 174.2 IP delivered 5.0 WAR performance."
jacob_misiorowski_mil,Elite command | Strikeout power | High WAR,"5.6 WAR, 2.27 FIP, and 38% K% across 155 IP rank among league's best pitchers."
