player_key,Chip,Why,award,league,rank
yordan_alvarez_hou,Elite contact | Power | Run producer,155 wRC+ and .329 AVG with 35 HR and 84 RBI across 499 PA drive MVP case.,mvp,AL,1
luis_garcia_jr_nyy,Power | Run producer | Above-average hitting,125.9 wRC+ and 24 HR demonstrate elite offensive efficiency despite modest WAR.,mvp,AL,2
junior_caminero_tbr,Power | Elite contact | Run producer,32 HR and 132 wRC+ with .281 AVG drives 0.924 OPS across 491 PA.,mvp,AL,3
shohei_ohtani_lad,Elite offensive efficiency | Power production | Run contributor,"134 wRC+ and .936 OPS demonstrate exceptional hitting despite limited PA, with 24 HR and 67 RBI.",mvp,NL,1
andy_pages_lad,Power | Run producer | Above-avg hitting,18 HR and 74 RBI with 112.8 wRC+ in 486 PA fuels MVP case on 61% win team.,mvp,NL,2
sal_stewart_cin,Power | Run producer | Above-average hitting,24 HR and 86 RBI with 116 wRC+ offensive production despite low batting average.,mvp,NL,3
cam_schlittler_nyy,Elite command | 171 strikeouts | FIP 2.75,2.75 FIP with 30.8% K-rate and 171 SO in 139.2 IP shows dominant stuff and control.,cy,AL,1
drew_rasmussen_tbr,Elite command | Strikeout rate | Innings pitched,3.11 FIP with 26.5% K rate and 117.1 IP show dominant stuff and durability.,cy,AL,2
dylan_cease_tor,Elite command | 36% K rate | Innings eater,2.4 FIP with 174 strikeouts across 119 innings showcases dominant stuff and efficiency.,cy,AL,3
jacob_misiorowski_mil,Elite command | 40.6% K-rate | Sub-2.15 FIP,2.15 FIP and 40.6% strikeout rate anchor elite pitching peripherals over 127 IP.,cy,NL,1
tarik_skubal_lad,Elite command | Strikeout artist | Efficient pitcher,2.8 FIP with 30.7% K-rate and 122 SO across 102.2 IP drives Cy Young case.,cy,NL,2
zack_wheeler_phi,Elite command | Strikeout stuff | Durable starter,3.12 FIP with 31.3% K rate and 126 SO over 105 IP shows dominant stuff.,cy,NL,3
